okrug,population,area_km2,pvz_count,daily_orders,avg_income_rub,pvz_per_10k,orders_per_km2
ЮАО,1752000,121.16,220,26015,84125.0,1.2557077625570774,214.7160779135028
ВАО,1439000,120.05,180,20554,83500.0,1.250868658790827,171.21199500208246
ЮЗАО,1360000,118.95,170,20058,90583.33333333333,1.25,168.62547288776796
СВАО,1276000,91.23,162,19491,87235.29411764706,1.2695924764890283,213.64682670174284
ЗАО,1272000,136.62,158,18467,95307.69230769231,1.2421383647798743,135.17054604011125
САО,1093000,104.65,133,15684,88500.0,1.2168344007319305,149.87099856665074
СЗАО,912000,95.68,110,12694,93375.0,1.206140350877193,132.67140468227424
ЦАО,768000,64.98,94,11019,119900.0,1.2239583333333333,169.5752539242844
